Job Title,Description,District,Work Mode
Software Engineer Senior,"Centro, empresa de Tecnología, perteneciente al Grupo Gloria, como parte de su plan de crecimiento, se encuentra en la búsqueda de los mejores talentos para ocupar la posición de: Software Engineer Senior Misión: Responsable del desarrollo, mantenimiento y soporte a Aplicaciones Web & Mobile tanto a nivel de BackEnd y FrontEnd. Analisis técnico, sinergias con seguridad de la información, Arquitectura e infraestructura y elaborar propuesta de como desarrollar soluciones digitales escalables y robustas. Se debe garantizar la continuidad y persistencia principalmente de la solución de facturación electronica del Grupo, asi como otras soluciones relacionadas. Funciones: Desarrollar tanto el BackEnd y FrontEnd de las aplicaciones Web & Mobile. Diseño y desarrollo de base de datos relacional. Ma",La Victoria,Presencial
Programador Frontend Senior,"Vive la experiencia SONDA ¡Aquí transformas tu carrera! ¿Por qué ser parte de SONDA? Porque al igual que tú, amamos lo que hacemos, tenemos pasión por la innovación y estamos convencidos de que a través del conocimiento y de la tecnología no solo vamos a transformar los negocios de nuestros clientes, sino también el futuro. En SONDA vivirás una experiencia de trabajo con diversas oportunidades de desarrollo personal y profesional. Un excelente lugar para aprender y contribuir a mejorar la calidad de vida de las personas por medio de la tecnología. Buscamos a un/a Desarrollador Frontend Senior que quiera aprender y transformar su carrera, con el siguiente perfil: Lo que harás: Participarás en el desarrollo de aplicaciones Frontend de alto impacto. Colaborarás en arquitecturas basadas en mic",Lima,Remoto
Analista Programador Java,"Analista Programador Java Resumen del Puesto Estamos buscando un Analista Programador Java con experiencia para unirse a nuestro equipo. El candidato ideal tendrá un sólido conocimiento de Java y experiencia en el desarrollo de aplicaciones. Buscamos una persona con disponibilidad para trabajar y colaborar en proyectos desafiantes. Responsabilidades Diseñar, desarrollar y mantener aplicaciones utilizando Java. Analizar los requisitos del sistema y diseñar soluciones eficientes. Colaborar con otros desarrolladores y equipos para entregar productos de alta calidad. Realizar pruebas y depuración de aplicaciones. Documentar el código y los procesos de desarrollo. Requisitos Título en Ciencias de la Computación o campo relacionado. Experiencia demostrable en programación Java. Conocimiento de f",Lima,Presencial
Analista Programador Postgre/Oracle/Híbrido,"Por encargo de nuestro cliente, importante empresa líder en finanzas, nos encontramos encuentra en búsqueda de: (1) Analista Programador Postgre/Oracle Requisitos Universitario de Ingeniería de Sistemas, Informática, o afines Experiencia de 3 años en puestos similares como mínimo Experiencia realizando labores de Analista de Sistemas Desarrollador Oracle (PL/SQL) nivel avanzado, store procedures, funciones, packages Desarrollador BD PostgreSQL nivel avanzado Experiencia realizando tuning de Base de Datos Conocimiento en Oracle Data Integrator (ODI) Experiencia en GCP, Cloud Composer, Cloud Storage, Cloud Functions, Data Funciton, Data low Modelamiento de Base de Datos Recomendable que haya realizado labores como Analista Fullstack Funciones: Diseñar, analizar y desarrollar soluciones en la",San Borja,Híbrido
Analista Programador - Sede ATE,"¡Buscamos a nuestro próximo/a Analista Programador! ¿Te apasiona el desarrollo web y quieres crecer en un equipo innovador? ¡Esta oportunidad es para ti! ✅ Lo que harás: · Analizar, diseñar e implementar aplicaciones web alineadas a las necesidades del negocio. · Documentar de forma clara las soluciones implementadas. · Trabajar en equipo con otros programadores para desplegar y respaldar código. · Detectar y resolver errores en aplicaciones existentes. · Aportar ideas a iniciativas de mejora continua del área TI. ✅ Lo que buscamos: · Egresado/a o bachiller en Ingeniería de Sistemas, Informática, Software o afines. · Experiencia mínima de 2 años en desarrollo web full stack. · Dominio de Python y React. · Manejo de bases de datos relacionales: SQL Server, MySQL u otros. ✅ Lo que ofrecemos:",Ate,Presencial
Trainee Programador Jr,"Perfil de Desarrollador/ Programador Junior Requisitos: Carreras universitarias sistemas a fines. (Egresado - Bachiller) Programación en Java, .NET u otros. Alta capacidad analítica Alto grado de manejo de algoritmos Disponibilidad de trabajo presencial Beneficios Línea de carrera Capacitaciones EPS al 100% Trabajo bajo planilla",Miraflores,Presencial
"Desarrollador Full Stack Node.js, C#, Java, AngularJS","Puesto: Desarrollador Full Stack Senior 📍 Modalidad de trabajo: Híbrido 📍 Sede: Surco Requisitos: Educación mínima: Ingeniería de Sistemas, Desarrollo de Software o carreras afines Experiencia: mínimo 5 años en desarrollo de software Conocimientos sólidos en: Bases de datos: PostgreSQL, MySQL, SQL Lenguajes y frameworks: Node.js, C#, Java, AngularJS Arquitectura: Microservicios Competencias valoradas: Capacidad de análisis y resolución de problemas Trabajo en equipo y comunicación efectiva Proactividad y orientación a resultados Ofrecemos: Participación en proyectos desafiantes e innovadores Ambiente colaborativo y en constante aprendizaje Plan de desarrollo profesional",Lima,Híbrido
Practicante pre profesional de automatización,"🌟 ¡LANZA TU CARRERA EN TECNOLOGÍA CON NOSOTROS! 🌟 En Canvia estamos buscando un(a) Practicante pre profesional de automatización con ganas de aprender, aportar y crecer en una empresa que lidera la transformación digital en el país. 💻🚀 👨‍💻 ¿Qué harás en el día a día? Usar herramientas de automatización Automatizar procesos internos Documentar procesos, flujos y buenas prácticas para asegurar continuidad operativa. Apoyo en desarrollo de software y automatizaciones 🎓 ¿Qué perfil buscamos? Egresado(a) técnico o universitario(a) en carreras afines a Tecnología de la Información. Con iniciativa, buena comunicación, ganas de aprender y vocación de servicio. Modalidad: Remoto 🕒 Horario: Lunes a viernes 9am - 6pm Te ofrecemos: Subvención de acuerdo a ley Seguro FOLA Planilla de acuerdo a ley Dia ",Cercado De Lima,Remoto
Analista Programador Fullstack Java,"¡En Hitss, empresa de tecnología con más de 36 años de experiencia ofreciendo soluciones innovadoras en América Latina, USA y EUROPA, nos encontramos en la búsqueda de nuestro próximo ANALISTA PROGRAMADOR JAVA/ANGULAR! REQUISITOS: Bachiller o titulado de Ingeniería de Sistemas, Informática, o carreras afines. SKILSS TÉCNICOS: Experiencia en Java 7 o superior usando frameworks Angular versión 8 o superior (intermedio/avanzado). Spring (intermedio/avanzado), Hibernate (Intermedio),Primefaces (Intermedio). Experiencia en entorno Azure (Servicios en la nube y despliegue). Desarrollo de Webservices REST y SOAP (intermedio). Microservicios (Spring webflux que va de la mano con microservicios). Experiencia en Oracle PLSQL (intermedio). Inglès a nivel intermedio (B1 como mínimo).",La Victoria,Remoto
Desarrollador Genexus - Remoto,"SOFTWARE ENTERPRISE SERVICES Somos una empresa peruana de Tecnologías de la Información y Comunicaciones, que cuenta con amplia experiencia en la prestación de servicios informáticos mediante Outsourcing TI y Fábrica de Software, para clientes nacionales e internacionales, asegurando la calidad de servicio con sólidos procesos estandarizados en un sistema integrado de gestión. Nos encontramos en la búsqueda del mejor talento para ocupar la siguiente posición: DESARROLLADOR GENEXUS Requisitos: Universitario Egresado, Titulado, Bachiller o Técnico Egresado, Titulado Carreras de Ingeniería de Sistemas, de Software, Informática, Computación o afines Experiencia de 3 a 5 años mínimo de experiencia Genexus , Bantotal y SQL Herramientas no técnicas: Trabajo en equipo Comunicación Eficaz Benefici",Cercado De Lima,Híbrido
ANALISTA PROGRAMADOR .NET/SQLSERVER,"En iQ Project, empresa apasionada por la tecnología, nos encontramos en la búsqueda del mejor talento para la posición de ANALISTA PROGRAMADOR .NET/SQLSERVER que comparta nuestra pasión y esté listo para asumir nuevos retos. REQUISITOS: Experiencia en: Desarrollo de aplicaciones Web en .Net Desarrollo de WebServices en .Net SQL , DTS y Reporting services Aplicaciones en Cloud (MS Azure) Uso del GitHub. Trabajo con metodologías ágiles. Deseable experiencia en: Sector bancario. Desarrollo de microservicios. Programación en Java. Angular. Ingreso a planilla con todos los beneficios de ley Modalidad híbrida",Lima,Híbrido
Programador Electrico,"Requisitos: Disponibilidad para laborar en diferentes proyectos dentro de Lima. Diseñar, desarrollar y optimizar programas de control (PLC) y regularizar la maquinaria que se considera pertinente. Conocimientos en mantenimiento y conexión de tableros eléctricos. Elaboración de tableros de fuerza y control utilizando AutoCAD y EPLAN. Corregir errores de programación. Detectar posibles problemas eléctricos. Programación de variadores de frecuencia y arrancadores suaves Técnico o egresado en Electricidad, Electrónica, Electrotecnia, Mecatrónica,Automatización Industrial o carreras afines. Ofrecemos: Ingreso a planilla desde el primer día con todos los beneficios de ley. Estabilidad laboral y buen clima de trabajo. Oportunidad de desarrollo profesional en una empresa sólida.",Lima,Presencial
Java Developer - Senior,"Actualmente nos encontramos en búsqueda de 02 Desarrolladores Backend Java Senior para que se integren a nuestro equipo. Profesional en Ingeniería de Sistemas, Computación, Informática o carreras afines. Experiencia mínima de 6 años en desarrollo con entorno Java Conocimientos sólidos en Java (Genéricos, excepciones, JDBC, networking) Experiencia con programación reactiva (RxJava, Webflux) Desarrollo de APIs REST y SOAP (JSON, XML, Swagger, OpenAPI) Diseño de APIs serverless y trabajo con Azure Functions Conocimientos en Azure (CosmosDB, Blob Storage, Data Lakes) Disponibilidad para trabajar en modalidad híbrida en el distrito Chorrillos Beneficios Incorporación a planilla con todos los beneficios de ley Capacitaciones generales y específicas de acuerdo a tu especialidad Plataforma Educati",Chorrillos,Híbrido
Senior React Developer,"Información Importante Ubicación del cliente: Lima, Perú Modalidad de trabajo: Híbrido (2 veces por semana en oficina) Resumen del puesto Como un Senior React Developer (17657), formarás parte de un equipo tecnológico y ágil altamente calificado por respaldar y desarrollar soluciones de vanguardia para cumplir con los requisitos de nuestro negocio. Nos ayudará a acelerar los resultados empresariales de nuestros clientes mediante la innovación de productos digitales de vanguardia. Responsabilidades y Funciones Desarrollar y mantener aplicaciones frontend escalables utilizando ReactJS con TypeScript, asegurando integración eficiente con APIs REST y un manejo óptimo del estado global (Redux, Context API, Zustand o React Query). Garantizar una experiencia de usuario de alto nivel aplicando pri",Magdalena del Mar,Híbrido
Desarrollador Backend Semi-Senior,"Métrica Perú es la primera filial latinoamericana del grupo de consultoría español Métrica Consulting. El grupo comenzó operaciones con el inicio del nuevo siglo y desde entonces ha participado en distintos proyectos en distintos países de Europa Occidental y Latino América. Con Métrica Perú, hemos comenzado a ofrecer nuestros servicios técnicos en el mercado Peruano y desde ahí queremos llegar a la región andina en los próximos años. Por encargo de nuestro cliente nos encontramos en la búsqueda de un Desarrollador Backend Requisitos: +3 años de experiencia en desarrollo de software. 24+ con TypeScript.Runtime:📷 Framework:📷 Bases de datos: MongoDB en AWS. y Custom.Autenticación: JWT,📷 Testing: Jest (Unit test) + Supertest. ORM: Mongoose (MongoDB). Containerización: Docker. Deploy: AWS EKS.",Lima,Remoto
Desarrollador/ Líder Técnico,"En Protiviti Perú buscamos un Desarrollador de Software con experiencia liderando equipos y que quiera dar el salto profesional como Lider Tecnico para uno de nuestros clientes del sector de telecomunicaciones. Principales funciones: Liderar al equipo técnico en el desarrollo de soluciones digitales. Diseñar y supervisar arquitecturas sostenibles y escalables. Gestionar la implementación de microservicios e integración de sistemas. Colaborar con equipos de negocio, arquitectura y producto. Requisitos: Bachiller o egresado en Ingeniería de Sistemas, Informática o afines. Conocimientos en: Python, Angular, JavaScript, Docker, APIs REST, pruebas automatizadas. Experiencia en diseño de arquitecturas escalables y microservicios. Ofrecemos: Proyecto de 3 meses (Renovable) Presencial 100% en Sta ",La Victoria,Presencial
Desarrollador de integración OSB,"¡Sé parte de Stefanini!​ En Stefanini somos más de 30.000 genios, conectados desde 41 países, haciendo lo que les apasiona y co-creando un futuro mejor.​ Responsabilidades y atribuciones: Objetivo del rol: Incorporar un profesional con experiencia en integración de servicios y APIs en entornos Cloud, para apoyar proyectos de modernización, despliegue de aplicaciones y gobierno de APIs. Responsabilidades principales Diseñar, exponer y consumir APIs seguras y escalables. Implementar soluciones de integración en entornos cloud y on-premise. Administrar el ciclo de vida de APIs usando API Management y API Connect. Configurar y optimizar clusters en AKS para despliegue de servicios. Mantener y evolucionar integraciones en Oracle Service Bus. Colaborar con equipos de desarrollo, arquitectura y o",Lima,Remoto
Desarrollador Java Senior (Azure) - Temporal,"More digital. More human. More Minsait. Somos una empresa líder global de tecnología y consultoría digital que conecta personas, tecnología y negocios para generar crecimiento, transformación e impacto positivo y sostenible. Buscamos Desarrollador Java Senior (Azure) - Temporal con ganas de trabajar en nuestros equipos multidisciplinares. ¿Cuál es el reto que te proponemos? Estarás en contacto continuo con las novedades tecnológicas, impulsando la transformación digital. Participarás en proyectos y desarrollos que tienen una alta visibilidad y que marcan la diferencia con soluciones disruptivas y especializadas para toda la cadena de valor. ¿Qué esperamos por tu parte? Ingeniería de sistemas, informática, Industrial o afines. Contar con mínimo 4 a 5 años de experiencia en: Core: Conceptos:",Lima,Híbrido
Analista Desarrollador Java - Sector Administración de Fondos Colectivos,"En Experis Perú buscamos al mejor talento para sumarse a los desafíos de la era digital y llevar su carrera a un siguiente nivel. Por ello, te invitamos a que formes parte del reto como Analista Desarrollador Java en el rubro Administración de Fondos Colectivos. Analista Desarrollador Java – Administración de Fondos Colectivos Requisitos para postular al cargo: Técnico/Bachiller o Egresado en la carrera de ingeniería de sistemas o afines Conocimiento de Html, Java Script, Jquery, Css, IDE Netbeans, Bootstrap - Indispensable VisualStudio - Deseable Idioma Inglés a nivel básico 2 años de experiencia en Oracle PL/SQL(indispensable) 3 años de experiencia en Java(JSP). Trabajo presencial 100% Lunes a viernes: 8:30 a.m. a 6:00pm - Sábado: 8:30 a 1:00pm Funciones principales del puesto: Levantami",La Victoria,Presencial
Desarrollador Full Stack / Surco / Presencial,"En Well Human Resources, estamos en la búsqueda de un/a Desarrollador/a Web Full Stack, con enfoque en backend, para una importante empresa con operaciones en los sectores de servicios y marketing digital. Requisitos: Estudios Universitarios culminado relacionados al puesto. Experiencia de 2 años en desarrollo web Full Stack, con mayor dominio en backend. Manejo de herramientas para integración de APIs (Postman). Conocimientos o experiencia previa integrando plataformas como: Salesforce (SFC), Active Prospect, HubSpot (O herramientas similares de automatización y gestión de leads) Conocimientos en WordPress para ajustes en sitios web o landing pages. Deseable: Nivel intermedio de inglés (lectura técnica). Capacidad para trabajar de forma autónoma y en equipos multidisciplinarios. Funciones",Santiago de Surco,Presencial
Auditor en Tasador de Joyas,"Somos una importante Entidad Financiera líder en el producto pignoraticio y microfinanzas, con un portafolio de diversos productos; y actualmente en crecimiento, por lo que requerimos incorporar a la compañía 01 Auditor en Tasador de Joyas que cumplan con el siguiente perfil: REQUISITOS: Profesional con estudios en Administración, Contabilidad, Ingeniería Industrial, Economía, otros. Experiencia 4 años en tasación de joyas en Instituciones financieras. Cursos y certificacion de metales preciosos. Manejo de instrumentos de tasación de metales preciosos. FUNCIONES Aplicar procedimientos de tasación mediante técnicas especializadas para determinar el valor económico de las joyas. Evaluar la autenticidad y características de las piedras preciosas. Identificar daños y desgaste , verificando si ",San Isidro,Presencial
"Programador Full Stack (Java, React)","En Valtx, empresa con 24 años de experiencia en el mercado peruano, cuyo objetivo principal es convertirse en un socio estratégico, mediante soluciones tecnológicas en los diversos aspectos de los procesos de negocios; el desarrollo, implementación y mantenimiento de aplicaciones e infraestructura tecnológica para el negocio; y consultoría en diversos procesos de transformación, nos encontramos en la búsqueda de un Programador Full Stack Desarrollar aplicaciones web y mobiles que cumplan buenas practicas de programación y desarrollo seguro (Indispensable) Elaborar documentación técnica resultante de la implementación de requerimientos Especificar, diseñar y mantener mecanismos para almacenar y acceder a datos. Garantizar la integración y despliegue continuo de los requerimientos implementa",San Borja,Presencial
Analista de Imagenes Hospitalarias / Sistemas,"Grupo San Pablo te invita a unirte a su equipo, donde la excelencia, el compromiso y la tecnología de punta se combinan para ofrecer soluciones únicas. Si buscas un entorno dinámico y desafiante. ¡Esta es tu oportunidad de marcar la diferencia en la vida de las personas! Hoy, queremos que seas parte de nuestro grupo. Buscamos un Analista de Imagenes Hospitalarias/ Sistemas para sumarse al Grupo San Pablo y seguir brindando la mejor atención a nuestros pacientes. REQUISITOS: Egresado o Bachiller de las carreras de Ingeniería de Sistemas, Ing.Biomedica, Tecnologo medico o afines Experiencia minima de 1 año en puestos afines Conocimiento del protocolo HL7 y DICOM (deseable) Experiencia en el sector salud obligatorio. HORARIO: Lunes a Viernes de (8:00 am a 6.30 pm) y Sabados (8:00am a 1.30 pm)",Santiago de Surco,Presencial
Desarrollador Backend NodeJs Senior,"Experiencia de 5 años desarrollando en la especialidad de servicios de Tecnologías de Información y Staff Augmentation con casi una década de operaciones en Perú orientadas a brindar soluciones tecnológicas de primer nivel a importantes corporaciones nacionales y multinacionales. Actualmente nos encontramos en busqueda el un Desarrollador Backend para trabajar con una empresa del sector bancario. ] ¡ Aplica y unete a nuestro equipo ! Requisitos: Experiencia de 5 años desarrollando en la especialidad . Competencia técnica medio en Ingeniería de Software, Sistemas, Informática o afines, desarrollo de aplicaciones Backend. Competencia técnica de patrón de diseño de software orientado a objetos y UML. Buenas prácticas de desarrollo y puede diseñar una aplicación por sí solo en un lenguaje de a",Lima,Híbrido
ANALISTA PROGRAMADOR PHP,"Somos Canvia ¡Una empresa que innova y reinventa! ¡Buscamos a una Analista Programador PHP con ADN de innovación! Top de razones para trabajar con nosotros CANVIA es una de las empresas más grandes del sector IT en el Perú y nuestro propósito es hacer más fácil la vida de las personas, innovando e implementando proyectos de transformación digital en múltiples industrias. Nos mueve la reinvención, hacer las cosas diferentes a través de buenas ideas, cuestionar el statu quo. Años de experiencia desarrollando y ejecutando soluciones con un equipo humano valioso y que suma diferentes capacidades, nuevos modelos de negocios a través del uso de tecnologías digitales y sistemas de gestión del cambio soportados en una cultura Lean-Agile. ¿Qué retos tendrás como Analista programador? Entender, anal",Lima,Híbrido
Desarrollador(a) - Minería - Lurín,"Somos una empresa subsidiaria de la Corporación Marubeni, fundada en Japón en 1856, es una de las principales corporaciones a nivel mundial que cuenta con presencia efectiva en más de 65 países. En julio del 2011, Marubeni adquiere HCMA y se funda ZAMINE PERU. Desde nuestros inicios somos distribuidores autorizados de HITACHI fabricante de Palas Hidráulicas y Camiones Eléctricos para minería. Asimismo, heredado de HCMA, contamos con experiencia de casi 22 años brindando servicios y suministros especializados, los cuales se diversificaron acorde a las necesidades de cada operación minera e industrial. Además, ofrecemos soluciones y productos para minería subterránea y de superficie a través de nuestra oferta de equipos y consumibles. En Zamine buscamos la mejora continua con el fin de cumpl",Lurín,Presencial
Desarrollador Fullstack,"Nos encontramos en búsqueda de un Desarrollador que tendrá como principales funciones: Diseño y desarrollo de aplicaciones de software internas. Entender y documentar los requisitos del negocio, traduciéndolos en especificaciones técnicas para el desarrollo de soluciones de software. Atender requerimientos e incidentes relacionados al desarrollo de aplicaciones Web. Diseñar, implementar y mantener bases de datos, asegurando su integridad, rendimiento y seguridad. Pruebas y Aseguramiento de la Calidad de las aplicaciones desarrolladas. Proveer capacitación y soporte técnico a los usuarios para facilitar la adopción y el uso eficaz de las soluciones desarrolladas. Documentar el análisis y diseño de las aplicaciones de negocio desarrolladas. Requisitos: Experiencia de 5 años realizando las fu",San Isidro,Híbrido
Analista de Programación,"Somos una Entidad Financiera, con un portafolio de diversos productos; por lo que requerimos incorporar en nuestra planilla Analista de Programación: REQUISITOS: Desarrollo de aplicaciones móviles con tecnología Swift (iOS), UIKit. Conocimientos de UI/UX: Capacidad para diseñar interfaces atractivas y fáciles de usar con figma. Manejo de errores, consumo de componentes de integración APIs. Conocimientos en implementación de backend con .Net (Deseable) Conocimientos en consultas a base de datos SQL Server. Conocimientos en arquitectura y patrones de diseño. Conocimientos de Scrum. Buenas prácticas de programación. FUNCIONES Responsable del análisis, diseño, construcción de nuevos aplicativos y/o mantenimiento a aplicativos ya existentes. Desarrollar documentación técnica de los programas de",San Isidro,Presencial
Programador BMS o SCADA,"More digital. More human. More Minsait. Somos una empresa líder global de tecnología y consultoría digital que conecta personas, tecnología y negocios para generar crecimiento, transformación e impacto positivo y sostenible. Buscamos Programador BMS con ganas de trabajar en nuestros equipos multidisciplinares. ¿Qué esperamos por tu parte? Experiencia mínima de 2 años en sistemas SCADA y/o BMS para control y monitorización de sistemas electromecánicos. Conocimientos en redes IP y experiencia en sistemas electromecánicos. Experiencia como programador/desarrollador en alguna de estas herramientas de Schneider Electric: PME (Power Monitoring Expert) PSO (Power SCADA Operation) EBO (EcoStruxure Building Operation) (contar con certificación o curso en alguno de estos lenguajes de programación). ",Lima,Presencial
Analista Desarrollador Full -Stack,"REQUISITOS: Profesional de las carreras de Ingeniería de Sistemas, Industrial o carreras afines. Experiencia mínima: 2 años como desarrollador Fullstack, manejando base de datos SQL Server, aplicaciones en .NET Framework, NetCore, Api Rest Full. Experiencia MVC Asp.net, WinForms. Experiencia mínima 2 años de computación en la nube bajo plataforma Amazon AWS Manejo avanzado de SQL Server, experiencia en BD postgres DESEABLE: Conocimientos de algún software de manejo de versiones (GIT, TFS) Conocimientos de HTML5, BOOTSTRAP 4.x / MATERIALIZE, CSS3, JSON, Jquery, Ajax, XML, etc. Conocimientos intermedios de Netcore a nivel de backend(Apis) Conocimiento de Angular, en desarrollo y despliegue de Api's RestFull, SOAP, JSON. Conocimiento de desarrollo de agentes IA e integraciones FUNCIONES: Lide",Lima,Presencial
Analista Programador JAVA,"💡 DÉJANOS CONTARTE LO QUE NOS HACE GENUINE 💙 Buscamos profesionales que quieran reinventarse cada día 🔄, que lleven los retos en el ADN 🧬 y que sientan una pasión genuina por la tecnología 💻✨. Eso es lo que nos hace únicos, auténticos y diferentes 🚀. ¿QUÉ ESTAMOS BUSCANDO? Estamos en la búsqueda de un Desarrollador Java especializado en el sector financiero para desarrollar y mantener aplicaciones críticas bancarias. Funciones: Desarrollar microservicios en Java 8/11/17/21 con Spring Framework y Spring Boot Implementar integraciones con proveedores SaaS mediante APIs RESTful y buenas prácticas Diseñar arquitecturas siguiendo patrones DDD, TDD y Arquitectura Hexagonal Gestionar APIs utilizando Apigee y buses de servicio como Jboss Fuse Aplicar desarrollo seguro con SonarQube, OAuth2.0 y cic",Lima,Híbrido
Analista Programador .NET | Visual Basic,"DÉJANOS CONTARTE LO QUE NOS HACE GENUINE Buscamos profesionales que quieran reinventarse cada día, que enfrentarse a los retos vaya en su ADN y que sientan pasión por trabajar con la tecnología. Esto nos hace únicos, diferentes y auténticos. ¿QUÉ ESTAMOS BUSCANDO? Buscamos un Analista programador con sólidos conocimientos en tecnologías .NET, bases de datos y metodologías ágiles, con capacidad para trabajar en proyectos críticos del sector financiero. Funciones: Desarrollar aplicaciones .NET Core (2.0, 3.1, 5, 6) y Visual Basic para sistemas bancarios Diseñar y optimizar bases de datos Oracle/SQL Server y paquetes SSIS Implementar automatización de procesos con Control-M y scripting (PowerShell/Bash) Desarrollar interfaces web con HTML, CSS, JavaScript y frameworks modernos Gestionar contr",Lima,Híbrido
Analista Desarrollador Java,"En Experis Perú, nos encontramos en la búsqueda del mejor talento para sumarse a los desafíos de la transformación digital para importante empresa dedicada a la Administración de Fondos Colectivos. Por ello, te invitamos a formar parte del reto como: Analista Desarrollador Java Requisitos para el puesto: Experiencia mínima 2 años en Oracle PL/SQL(indispensable) Experiencia 3 años en Java(JSP). Conocimiento de Html, Java Script, Jquery, Css, IDE Netbeans, Bootstrap - Indispensable VisualStudio - Deseable Funciones: Levantamiento de requerimientos documentada. Convertir las necesidades del negocio en productos de software. Implementar soluciones tecnológicas, aplicando las buenas prácticas en análisis, diseño y desarrollo de software. Gestionar los requerimientos asignados por el Jefe de Sis",La Victoria,Presencial
Desarrollador Backend NodeJS / AWS,"Somos una empresa líder global de tecnología y consultoría digital que conecta personas, tecnología y negocios para generar crecimiento, transformación e impacto positivo y sostenible. Buscamos un Desarrolladores Backend NodeJS / AWS con ganas de trabajar en nuestros equipos multidisciplinares. Requisitos: Experiencia minima de 3 años a más como Backend. Experiencia minima de 3 años en Nodejs. Experiencia minima de 2 años en AWS con Lambda, CloudWatch, API Gateway, etc. Conocimiento y experiencia en TypeScript. Conocimiento y experiencia en Serverless. Condiciones de trabajo: Modalidad Híbrida (3 veces por semana en oficinas) en el distrito de San Isidro. Horario de trabajo de Lunes a Viernes de 9:00am a 6:30pm. Beneficios: Planilla Completa desde el 1er día de trabajo. Cobertura al 100% d",San Isidro,Híbrido
ANALISTA DE PROGRAMADOR,"¡Buscamos un Analista Programador innovador y resolutivo! Si disfrutas transformar ideas en soluciones tecnológicas eficientes, crear aplicaciones robustas y garantizar que cada sistema funcione de manera óptima, esta es tu oportunidad. Únete a nuestro equipo para diseñar, desarrollar y mantener plataformas digitales que impacten directamente en la experiencia de nuestros usuarios y en la modernización de nuestra institución. Tu talento será clave para integrar front end y back end, optimizar procesos mediante automatización y aportar mejoras constantes que eleven el rendimiento de nuestros sistemas. ¡Sé parte del motor tecnológico que impulsa nuestro crecimiento! Responsabilidades: Analizar información para la toma de decisiones oportunas y el desarrollo de estrategias comerciales que gen",Jesús María,Presencial
Desarrollador Full Stack (Java / AWS / React Native),"SOFTWARE ENTERPRISE SERVICES Somos una empresa peruana de Tecnologías de la Información y Comunicaciones, que cuenta con amplia experiencia en la prestación de servicios informáticos mediante Outsourcing TI y Fábrica de Software, para clientes nacionales e internacionales, asegurando la calidad de servicio con sólidos procesos estandarizados en un sistema integrado de gestión. Nos encontramos en la búsqueda del mejor talento para ocupar la siguiente posición Desarrollador FullStack (Java / AWS / React Native) Requisitos: Requisitos: Bachiller o Titulado en Ingeniería de Sistemas, Informática, Software, Ciencias de la Computación o carreras afines. Experiencia mínima de 4 años en posiciones similares. Experiencia en desarrollo de microservicios en Java con Quarkus. Diseño e implementación d",Cercado De Lima,Híbrido
Programador BMS,"More digital. More human. More Minsait. Somos una empresa líder global de tecnología y consultoría digital que conecta personas, tecnología y negocios para generar crecimiento, transformación e impacto positivo y sostenible. Buscamos Programador BMS con ganas de trabajar en nuestros equipos multidisciplinares. ¿Qué esperamos por tu parte? Experiencia mínima de 2 años en sistemas SCADA y/o BMS para control y monitorización de sistemas electromecánicos. Conocimientos en redes IP y experiencia en sistemas electromecánicos. Experiencia como programador/desarrollador en alguna de estas herramientas de Schneider Electric: PME (Power Monitoring Expert) PSO (Power SCADA Operation) EBO (EcoStruxure Building Operation) Deseable: Programación en otros SCADA/BMS. Experiencia con redes TCP/IP. Funcione",Lima,Presencial
Desarrollador FullStack (Lenguaje Go y React Native),"SOFTWARE ENTERPRISE SERVICES Somos una empresa peruana de Tecnologías de la Información y Comunicaciones, que cuenta con amplia experiencia en la prestación de servicios informáticos mediante Outsourcing TI y Fábrica de Software, para clientes nacionales e internacionales, asegurando la calidad de servicio con sólidos procesos estandarizados en un sistema integrado de gestión. Nos encontramos en la búsqueda del mejor talento para ocupar la siguiente posición Desarrollador FullStak (Lenguaje Go y React Native) Requisitos: Bachiller/Título en Ingeniería en Sistemas, Informática, Software, Ciencias de la Computación o afines (Indispensable). Experiencia mínima de 3 años en posiciones similares (Indispensable). Experiencia en dominio del lenguaje Go, Modules (go.mod, go.sum), REACT Native-Expo",Lima,Híbrido
Desarrollador Mobile React Native,"Somos Fractal Soluciones TI, una empresa peruana de consultoría en Gestión de Tecnología de la Información con más de 11 años en el mercado y con más de 70 clientes que confían en nosotros. Nos encontramos en búsqueda de un talento para el cargo de un Desarrollador Mobile React Native para colaborar en modalidad híbrida con uno de nuestros clientes del sector bancario para un proyecto de 3 meses con el siguiente perfil: Requisitos Formación Universitaria culminada en Ingeniería de Sistemas, Software, Computación e Informática o carreras afines. 3 a 5 años de experiencia desarrollando aplicaciones móviles con React Native CLI. Conocimiento y aplicación de Arquitectura Limpia en proyectos móviles. Experiencia en despliegue de aplicaciones a tiendas oficiales (Google Play / App Store) y tiend",San Isidro,Híbrido
Desarrollador FrontEnd Senior,"Somos Fractal Soluciones TI, una empresa peruana de consultoría en Gestión de Tecnología de la Información con más de 11 años en el mercado y con más de 70 clientes que confían en nosotros. Nos encontramos en búsqueda de un talento Desarrollador Frontend Senior para colaborar en modalidad híbrida con nuestro cliente del sector bancario en un proyecto de 3 meses con posibilidad de extensión. Requisitos: +4 años de experiencia en desarrollo Front End. Experiencia sólida en Java + Angular 18 o 19. Manejo y creación de componentes (conocimiento en Storybook es un plus). Dominio de SASS. Desarrollo de Single Page Applications (SPA). Conocimiento en microfrontends. Aplicación de arquitectura limpia en proyectos. Uso avanzado de RxJS. Beneficios: Capacitación AWS Descuentos corporativos Actividad",San Isidro,Híbrido
Desarrollador .NET Senior,"Somos Fractal Soluciones TI, una empresa peruana de consultoría en Gestión de Tecnología de la Información con más de 11 años en el mercado y con más de 70 clientes que confían en nosotros. Nos encontramos en búsqueda de un talento para el cargo de Desarrollador .NET Senior para colaborar en modalidad remota en un proyecto de periodo inicial de 3 meses con uno de nuestros clientes del sector bancario. Requisitos: Bachiller universitario en Ingeniería Informática o afines 3-5 años de experiencia como desarrollador Dominio Avanzado .NET Dominio Avanzado en bases de dato SQL Sólidos conocimientos en inteligencia de negocio (BI) Beneficios Capacitación AWS Descuentos corporativos Actividades de bienestar y más... Conócenos en: https://www.fractal.com.pe/ ¡Somos experiencia, somos tecnología, s",Lima,Remoto
Programador,"Estamos en búsqueda de un Programador Full Stack para integrarse a nuestro equipo y participar en uno de nuestros próximos proyectos. Lo que buscamos de ti Principales responsabilidades: Implementar interfaces dinámicas y atractivas con JavaScript e integraciones con APIs REST. Construir y mantener el backend con Node.js y Express, incluyendo el manejo de colas y servicios en tiempo real mediante WebSockets. Diseñar, optimizar y mantener SQL Server, con experiencia en consultas complejas, triggers y stored procedures. Resolver problemas críticos en los procesos de despliegue y compilación para entornos web Mejorar el rendimiento de las aplicaciones mediante la optimización de consultas SQL de alta complejidad. Formación y experiencia Egresado de Ingeniería de Sistemas, Computación o afines",Miraflores,Presencial
Programador Full Stack c/ exp en IA,"En Valtx, empresa con 24 años de experiencia en el mercado peruano, cuyo objetivo principal es convertirse en un socio estratégico, mediante soluciones tecnológicas en los diversos aspectos de los procesos de negocios; el desarrollo, implementación y mantenimiento de aplicaciones e infraestructura tecnológica para el negocio; y consultoría en diversos procesos de transformación, nos encontramos en la búsqueda de un Programador Full Stack Desarrollar aplicaciones web y mobiles que cumplan buenas practicas de programación y desarrollo seguro (Indispensable) Elaborar documentación técnica resultante de la implementación de requerimientos Especificar, diseñar y mantener mecanismos para almacenar y acceder a datos. Garantizar la integración y despliegue continuo de los requerimientos implementa",San Borja,Presencial
Programador BMS - Automizador,"More digital. More human. More Minsait. Somos una empresa líder global de tecnología y consultoría digital que conecta personas, tecnología y negocios para generar crecimiento, transformación e impacto positivo y sostenible. Buscamos Programador BMS con ganas de trabajar en nuestros equipos multidisciplinares. ¿Qué esperamos por tu parte? Experiencia mínima de 2 años en sistemas SCADA y/o BMS para control y monitorización de sistemas electromecánicos. Conocimientos en redes IP y experiencia en sistemas electromecánicos. Experiencia como programador/desarrollador en alguna de estas herramientas de Schneider Electric: PME (Power Monitoring Expert) PSO (Power SCADA Operation) EBO (EcoStruxure Building Operation) Deseable: Programación en otros SCADA/BMS. Experiencia con redes TCP/IP. Funcione",Lima,Presencial
Programador BMS,"More digital. More human. More Minsait. Somos una empresa líder global de tecnología y consultoría digital que conecta personas, tecnología y negocios para generar crecimiento, transformación e impacto positivo y sostenible. Buscamos Programador BMS con ganas de trabajar en nuestros equipos multidisciplinares. ¿Qué esperamos por tu parte? Experiencia mínima de 2 años en sistemas SCADA y/o BMS para control y monitorización de sistemas electromecánicos. Conocimientos en redes IP y experiencia en sistemas electromecánicos. Experiencia como programador/desarrollador en alguna de estas herramientas de Schneider Electric: PME (Power Monitoring Expert) PSO (Power SCADA Operation) EBO (EcoStruxure Building Operation) Deseable: Programación en otros SCADA/BMS. Experiencia con redes TCP/IP. Funcione",Lima,Presencial
Analista Programador / Sector Educativo,"En inLearning Escuelas de Educación superior, plataforma educativa del grupo Intercorp, conformada por Idat, Zegel, la Escuela de Arte Corriente Alterna e Innova Teaching School, empresas que promueven la equidad de género, igualdad e inclusión, nos encontramos en la búsqueda de un(a) Analista Programador Jr. Propósito: Analizar, desarrollar y brindar soporte informático para el sistema educativo de la empresa. Funciones: Análisis y desarrollo de nuevos requerimientos del ERP Académico. Mantenimiento y soporte de requerimientos y errores del ERP Académico. Realizar consultas y actualización de los registros de base de datos de las aplicaciones. Atender y orientar a los usuarios en el manejo del ERP Académico. Seguimiento, acompañamiento y validación de pases a producción. Realizar otras fu",Cercado De Lima,Híbrido
Programador BMS,"Indra es una compañía global de consultoría y tecnología, con presencia en los 5 continentes y más de 40.000 profesionales. Trabajarás en un entorno de soluciones y servicios innovadores para nuestros clientes en los principales sectores de actividad, aportándoles valor añadido. Participarás de la transformación de los negocios trabajando con profesionales de referencia. Buscamos Programador BMS con ganas de trabajar en nuestros equipos multidisciplinares. Requisitos: Experiencia mínima de 2 años en sistemas SCADA y/o BMS para control y monitorización de sistemas electromecánicos. Conocimientos en redes IP y experiencia en sistemas electromecánicos. Experiencia como programador/desarrollador en alguna de estas herramientas de Schneider Electric: PME (Power Monitoring Expert) PSO (Power SCA",Lima,Presencial
TÉCNICO DESARROLLADOR DE SISTEMAS,"Entidad pública se encuentra en la búsqueda de UN(1) TÉCNICO DESARROLLADOR DE SISTEMAS que cumpla con el siguiente perfil: El puesto tiene como misión desarrollar, implementar y mantener los programas informáticos requeridos, de acuerdo a los estándares establecidos para el desarrollo de programas, con la finalidad de atender los requerimientos de las áreas de la entidad. Requisitos: Egresado de carrera técnica superior completa (3 o 4 años) o egresado universitario en computación e informática, administración de redes y comunicaciones o carreras afines al cargo. Conocimiento técnico de herramientas de modelamiento, metodología para el desarrollo de software (ágiles o tradicionales), desarrollo de aplicaciones web (.NET, java, JavaScript, HTML, PHP) y móviles, manejadores de base de datos ",Chorrillos,Presencial
ANALISTA PROGRAMADOR SENIOR,"En ADEX, Gremio Empresarial Líder en las Exportaciones Peruanas nos encontramos en la búsqueda de un Analista Programador Senior: Objetivo: Analizar la necesidad de negocio e implementar nuevos sistemas de información, utilizando lenguajes de programación de los sistemas implementados en la organización o tecnologías de información a la vanguardia. Funciones: Analizar los procesos y requerimientos de las áreas para identificar problemáticas que se puedan presentar. Desarrolla aplicaciones bajo estándares de calidad y cumplimiento de metodología de desarrollo vigente. Elaborar manuales a manera de instructivos de los softwares implementados. Capacitar a los usuarios finales que usarán los softwares, sobre información y uso de los mismos. Brindar soporte a los sistemas de información impleme",San Borja,Híbrido
Programador en Oracle Developer,"Somos líderes en perforación minera y geotécnica en el Perú, con más de 45 años de experiencia acompañando a los grandes proyectos del país. Nuestro motor es la innovación, la seguridad y el compromiso con el medio ambiente, porque sabemos que cada perforación abre también nuevas oportunidades de desarrollo sostenible. Formar parte de nosotros significa integrarse a un equipo apasionado, que valora el talento, impulsa el crecimiento profesional y cree en el poder del trabajo en equipo. Si buscas un lugar donde tus ideas y esfuerzo generen impacto real en la industria y en tu carrera, ¡aquí es donde comienza tu siguiente desafío! Descripción del puesto: Programador en Oracle Developer Nuestro cliente, líder en perforación minera y geotécnica en Perú, se encuentra en la búsqueda de un Progra",Lima,Presencial
Analista Programador Java / Remoto / Planilla Completa,"Estimados por encargo de nuestro cliente importante empresa del rubro retail, estamos en búsqueda de: (1) Analista Programador Java Requisitos: Carreras universitarias y/o técnicas en Computación e Informática, Sistemas a fines. Con experiencia mínima de 3 años desarrollando. Indispensable experiencia conocimiento en JAVA Swing, SQL y Oracle. Funciones: Analizar, diseñar, desarrollar, probar e implementar las soluciones de software destinadas a atender los requerimientos o tareas de proyecto que le correspondan. Interactuar con las áreas usuarias para la solución de las tareas asignadas. Administrar y velar por la correcta documentación de los proyectos que le sean asignados. Realizar propuestas de valor que permitan disminuir la carga operativa, reducir los costos y mejorar los procesos c",Lima,Remoto
Fullstack Developer Senior (.NET/Angular),"ZUTUN. es una empresa de software boutique con amplia experiencia en banca, seguros, fintech y retail. Nuestro colectivo funciona como un verdadero equipo, valorando la colaboración, la sinergia y el apoyo mutuo entre nuestros miembros, reconociendo que el talento es el núcleo y el equipo es quien juega el partido. Te invitamos a participar de proceso SR. FULLSTACK DEVELOPER y ser parte de esta experiencia: RESPONSABILIDADES: Diseñar, desarrollar y mantener aplicaciones web full stack utilizando .NET C#, Angular y Node.js. .Implementar y consumir servicios web RESTful y SOA. Desplegar y configurar aplicaciones en IIS (on-premise) y servicios cloud (AWS/Azure). Participar en la remediación de vulnerabilidades de seguridad en aplicaciones. Configurar pipelines de CI/CD con GitHub Actions. Ad",Surco,Híbrido
Analista Programador Java Cloud Senior,"Importante empresa, del sector farmacéutico se encuentra en búsqueda del mejor talento para cubrir la posición: (1) Analista Programador Java Cloud Senior Requisitos: Técnico/Universitario egresado en Ingeniería de Sistemas, Informática o afines. 3 años de experiencia en desarrollo de software con Java 17, Java Script y programación React. Experiencia en angular y node js. De 1 a 3 años de experiencia en arquitectura de microservicios. Conocimiento avanzado de Base de Datos en Oracle (indispensable) Desarrollo en Angular y Java Spring Boot. Desarrollo en BD mongo Desarrollo en BD PostgreSQL (Deseable) Automatización de procesos con n8n (Deseable) Funciones: Desarrollar en Java y desarrollar microservicios. Beneficios: Planilla Completa de la Consultora General Remuneración: S/4000-S/ 4500 ",Lima,Remoto
Desarrollador Backend .NET,"More digital. More human. More Minsait. Somos una empresa líder global de tecnología y consultoría digital que conecta personas, tecnología y negocios para generar crecimiento, transformación e impacto positivo y sostenible. Buscamos Desarrollador Backend Pleno .NET con ganas de trabajar en nuestros equipos multidisciplinares. ¿Cuál es el reto que te proponemos? Estarás en contacto continuo con las novedades tecnológicas, impulsando la transformación digital. Participarás en proyectos y desarrollos que tienen una alta visibilidad y que marcan la diferencia con soluciones disruptivas y especializadas para toda la cadena de valor. ¿Qué esperamos por tu parte? Formación Académica: Bachiller en Ingeniería de sistemas o afines Experiencia: Conocimiento Técnico: Experiencia en Visual Basic 2005 ",Lima,Remoto
ANALISTA PROGRAMADOR DE TI,"Propósito: · Responsable del desarrollo y documentación de las nuevas implementaciones, mejoras y reportes en los sistemas de información de SOP, incluye interfases de comunicación, bases de datos e infraestructura, basadas en arquitecturas.Net (C#), X++, etc. (en entornos Windows /Web), JavaScript, de preferencia con conocimiento de reportes en PowerBI, conocimientos de PowerAPPs y su integración con base de datos MS-SQL, conexiones AZURE e integración con herramientas de Office 365. (Net Core 8, manejo a nivel intermedio de Azure – active directory, publicación de servicios web y devops. Educación: Profesional Técnico o Universitario en sistemas o carreras afines. Experiencia profesional mínima de 3 años. Habilidades Técnicas y Competencias: Manejo de Programas de Office a nivel avanzado",San Isidro,Presencial
Analista Programador Postgre/Oracle/Híbrido,"Por encargo de nuestro cliente, importante empresa líder en finanzas, nos encontramos encuentra en búsqueda de: (1) Analista Programador Postgre/Oracle Requisitos Universitario de Ingeniería de Sistemas, Informática, o afines Experiencia de 3 años en puestos similares como mínimo Experiencia realizando labores de Analista de Sistemas Desarrollador Oracle (PL/SQL) nivel avanzado, store procedures, funciones, packages Desarrollador BD PostgreSQL nivel avanzado Experiencia realizando tuning de Base de Datos Conocimiento en Oracle Data Integrator (ODI) Experiencia en GCP, Cloud Composer, Cloud Storage, Cloud Functions, Data Funciton, Data low Modelamiento de Base de Datos Recomendable que haya realizado labores como Analista Fullstack Funciones: Diseñar, analizar y desarrollar soluciones en la",San Borja,Híbrido
Programador Python Junior,"CSTI Corp es una empresa peruana líder en la industria TI con más de 17 años en el mercado en países como Perú, Ecuador, Colombia, Costa Rica y Estados Unidos. Ofrecemos soluciones de negocios en las líneas de Outsourcing, Licenciamientos SAP y Microsoft, soporte y mejora de aplicaciones, así como implementación y migración de sistemas bajo estrategias Cloud, aprovechando su alianza con marcas como Amazon, Azure, Huawei Cloud y Google Cloud. Estamos en busqueda de un Programador Python 📌Requisitos: ✅ Experiencia de 2 años programando con python ✅ Experiencia en base de datos: MySQL, SQL Server 🌴Modalidad de trabajo: Híbrido 3 dias presenciales y 2 remoto en San Isidro 🌴Horario de Lunes a Viernes. 🌴Te brindamos tus equipos corporativos.",Lima,Híbrido
.NET Developer- Junior,"Somos Inetum, una compañía de servicios ágiles que proporciona soluciones digitales y un grupo global de tecnólogos que acompaña a sus clientes en el proceso de digitalización aprovechando al máximo el digital flow. Ofrecemos a nuestros clientes una combinación única de proximidad, organización sectorial y soluciones de calidad. Presente en más de 26 países, el Grupo tiene cerca de 27.000 colaboradores y apunta a continuar creciendo. ¡En Inetum acompañamos a nuestros clientes y colaboradores en su camino al éxito! Si te gusta reinventarte y resolver problemas con nuevas estrategias, trabajar en proyectos de IT y de negocios: ¡Postula ahora! Actualmente nos encontramos en búsqueda de (01) .NET DEVELOPER para que se integren a nuestro equipo en un importante proyecto. ¿Qué esperamos de ti? P",San Isidro,Híbrido
Frontend Developer (REACT/JS/TS),"ZUTUN. es una empresa de software boutique con amplia experiencia en banca, seguros, fintech y retail. Nuestro colectivo funciona como un verdadero equipo, valorando la colaboración, la sinergia y el apoyo mutuo entre nuestros miembros, reconociendo que el talento es el núcleo y el equipo es quien juega el partido. Te invitamos a participar de proceso FRONTEND DEVELOPER REACT y ser parte de esta experiencia: REQUISITOS: Experiencia mínima de 3 años en JavaScript y 2 años en desarrollo web con React (Next.js, React Router u otros frameworks). Nivel intermedio en TypeScript. Conocimientos en pruebas unitarias. Manejo avanzado de CSS puro y librerías como Tailwind CSS. Experiencia con Git en entornos colaborativos. (Deseable) Experiencia en Node.js. (Deseable) Conocimientos en CI/CD e Infraes",Pueblo Libre,Híbrido
Mid Node AWS Engineer,"Información Importante Ubicación: Perú Modalidad de trabajo: Híbrido, asistencia a oficina en Miraflores 2-3 veces por semana Resumen del puesto Como un Mid Node AWS Developer (17274), formarás parte de un equipo tecnológico y ágil altamente calificado por respaldar y desarrollar soluciones de vanguardia para cumplir con los requisitos de nuestro negocio. Nos ayudará a acelerar los resultados empresariales de nuestros clientes mediante la innovación de productos digitales de vanguardia. Requisitos y Habilidades Profesionales de Sistemas, Informática, Desarrollo o afines con +4 años de experiencia como Node Developer. Experiencia trabajando en/con: Desarrollo Servicios Core AWS (EC2, S3, IAM, VPC, Cloudwatch, etc) Desarrollo Servicios AWS Serverless: Dynamo DB, Lambda, API Gateway, RDS, SQS",Miraflores,Híbrido
Analista de Programación RPG,"¡Somos Izipay! La red multimarca más grande del país, ¡estamos revolucionando el mercado de pagos! Con la meta de hacer crecer por x4 nuestro número de comercios atendidos, necesitamos reforzar nuestro equipo con personas como tú. ¡Ven a sumarte a este desafío como Analista de Programación ¿Cuáles serán tus responsabilidades? Diseñar, programar, probar e implementar soluciones que optimicen los procesos del área. Diagnosticar y corregir problemas en los sistemas existentes. Identificar oportunidades de mejora en las aplicaciones y procesos actuales. Generar y actualizar manuales, guías y diagramas de las soluciones implementadas. Colaborar con equipos multidisciplinarios. Requisitos: ¿Cómo saber que este puesto es para ti? Universitario egresado de Ingeniero de Sistemas y carreras afines. ",Miraflores,Híbrido
Desarrollador Backend,"More digital. More human. More Minsait. Somos una empresa líder global de tecnología y consultoría digital que conecta personas, tecnología y negocios para generar crecimiento, transformación e impacto positivo y sostenible. Buscamos Desarrollador Backend Pleno con ganas de trabajar en nuestros equipos multidisciplinares. ¿Cuál es el reto que te proponemos? Estarás en contacto continuo con las novedades tecnológicas, impulsando la transformación digital. Participarás en proyectos y desarrollos que tienen una alta visibilidad y que marcan la diferencia con soluciones disruptivas y especializadas para toda la cadena de valor. ¿Qué esperamos por tu parte? Formación Académica: Bachiller en Ingeniería de sistemas o afines Experiencia: Conocimiento Técnico: Java 11 (Medio) Experiencia en Spring ",Lima,Remoto
"Programador RPA Rocketbot, UiPath","En Valtx, empresa con 24 años de experiencia en el mercado peruano, cuyo objetivo principal es convertirse en un socio estratégico, mediante soluciones tecnológicas en los diversos aspectos de los procesos de negocios; el desarrollo, implementación y mantenimiento de aplicaciones e infraestructura tecnológica para el negocio; y consultoría en diversos procesos de transformación, nos encontramos en la búsqueda de un Programador RPA Analizar y documentar procesos de negocio para identificar oportunidades de automatización en coordinación con las áreas usuarias. Diseñar soluciones de automatización en plataformas Rocketbot y UiPath, aplicando estándares de calidad y marcos de trabajo como REFramework. Desarrollar, probar e implementar bots que sean estables, escalables y seguros, garantizando",San Borja,Presencial
Soporte Jr y Sr de Plataforma BMC Helix Remedy,"Somos una empresa de Soluciones Digitales y Servicios de TI con 30 años de experiencia en el mercado. Contamos con más de 8 mil colaboradores en Latinoamérica, Estados Unidos y Europa. Te invitamos a ser parte de nuestro equipo ocupando el cargo de: Analista de Soporte Requisitos indispensables: Experiencia en soporte y seguimiento de incidentes y problemas Conocimiento en BMC Helix y herramientas relacionadas Capacidad para colaborar en la resolución y escalado de casos Beneficios: Pertenecer al grupo América Móvil. Sueldo en planilla 100% desde el primer día. EPS corporativa (opcional). Convenios corporativos. “Global Hitss mantiene una política de contratación inclusiva, por lo que invita a cualquier persona a participar en el proceso de selección en referencia”. ¡Te invitamos a revisar",La Victoria,Presencial
Desarrollador Backend,"Actualmente nos encontramos en búsqueda de 01 Desarrollado Backend para que se integre a nuestro equipo. Profesional en Ingeniería de Sistemas, Computación, Informática o carreras afines. Experiencia mínima de 4 a 5 años en desarrollo con Python, Node.js .Net Lenguajes: Python (3.x) , JavaScript/TypeScript (Node.js LTS) y C# .Net Frameworks: FastAPI o Flask; Express/NestJS. AWS: S3, Lambda, API Gateway/ALB, Step Functions o EventBridge, CloudWatch, IAM; deseable ECS/Fargate o AWS Batch. Datos: Formato Parquet (particionamiento, compresión), DynamoDB (modelado single-table, GSIs, TTL), MongoDB (pipelines de agregación, índices compuestos), Elasticsearch (index templates, mappings, queries, bulk ingestion). Mensajería/eventos: SQS/SNS o Kafka (básico). Testing & calidad: PyTest/Jest, linters",El Agustino,Presencial
Desarrollador Fullstack Java,"¡En Hitss, empresa de tecnología con más de 36 años de experiencia ofreciendo soluciones innovadoras en América Latina, USA y EUROPA, nos encontramos en la búsqueda de nuestro próximo ANALISTA PROGRAMADOR JAVA/ANGULAR! REQUISITOS: Bachiller o titulado de Ingeniería de Sistemas, Informática, o carreras afines. SKILSS TÉCNICOS: Experiencia de 3+ años en Java 7 o superior usando frameworks Angular versión 8 o superior (intermedio/avanzado). Spring (intermedio/avanzado), Hibernate (Intermedio),Primefaces (Intermedio). Experiencia en entorno Azure (Servicios en la nube y despliegue). Desarrollo de Webservices REST y SOAP (intermedio). Microservicios (Spring webflux que va de la mano con microservicios). Experiencia en Oracle PLSQL (intermedio). Inglès a nivel intermedio (B1 como mínimo).",La Victoria,Remoto
Programador ABAP / Preencial,"En Experis Perú buscamos al mejor talento para sumarse a los desafíos de la era digital y llevar su carrera a un siguiente nivel. Por ello, te invitamos a que formes parte del reto como Programador ABAP para el sector de consumo masivo para la ciudad del Callao. Requisitos: Profesional de ingeniería de sistemas o afines. Experiencia de 3 años con: Programación ABAP Experiencia con SAP ERP y/o SAP Hana Certificado en ABAP o BTP Funciones Desarrollar y mantener aplicaciones ABAP en el entorno SAP, implementando integraciones entre sistemas SAP y aplicaciones externas. Optimizar el rendimiento y la escalabilidad de soluciones ABAP, así como crear aplicaciones personalizadas y extensiones en SAP Proporcionar soporte técnico y mantenimiento de soluciones ABAP, elaborando la documentación técnic",Callao,Presencial
Desarrollador Fullstack (Java/Js) - Remoto,"Protiviti Perú se encuentra en la búsqueda de un Desarrollador Fullstack especializado en microservicios para un cliente del sector retail farmacéutico. Responsabilidades clave: Desarrollar aplicaciones basadas en microservicios utilizando Java (Hibernate y Spring Boot) y Angular. Implementar soluciones siguiendo arquitectura hexagonal para garantizar modularidad y mantenibilidad. Diseñar, desarrollar y consumir APIs RESTful/APIs REST JSON para integrar los microservicios. Trabajar con bases de datos Oracle, MySQL y SQL, optimizando consultas y rendimiento. Colaborar con equipos de QA y DevOps para automatizar pruebas, despliegues y monitoreo de aplicaciones. Realizar revisiones de código y asegurar la calidad y eficiencia de los servicios. Documentar componentes y servicios desarrollados.",Lima,Remoto
Analista Programador,"REQUISITOS: ü Profesional bachiller o egresado de Ingeniería de sistema,Informática ü con amplio compromiso responsabilidad ü Edad 26 - 40 años EXPERIENCIA LABORAL: ü Contar con 3 años como mínimo Analista Programador de sistemas informáticos en .NET y JAVA (desarrollador) ü Experiencia en desarrollo Front End con sólidas habilidades en JavaScript, ü Haber laborado en empresas de rubro industriales y Servicios Hospitalarios.( clínicas , MINSA), ü Conocimientos Funcional de ERP : SAP , Spring. ü Conocimiento de Innovación tecnológica servicios médicos. FUNCIONES: ü Desarrollar y realizar mantenimiento a los Sistemas de la organización corporativa ü Manejo de BD SQL, ( Intermedio/ Avanzado) ü Realizar mejoras y ser participe en los proyectos del cambio del ERP ü Crear, dar mantenimiento y ac",Lima,Presencial
Backend Java - Sector bancario,"En Experis Perú buscamos al mejor talento para sumarse a los desafíos de la era digital y llevar su carrera a un siguiente nivel. Por ello, te invitamos a que formes parte del reto como BACKEND JAVA en el rubro Bancario: BACKEND JAVA Requisitos para postular al cargo: Profesional de las carreras de Ingeniería de sistemas, informática o afines. Experiencia mayor a 5 años en Java y Spring Boot Experiencia mayor a 4 años en Oracle, MySQL y PostgreSQL Experiencia en programación reactiva Experiencia en SOLID Funciones principales del puesto: Implementa y mantiene la funcionalidad del servidor que da soporte a la aplicación. Crea y administra bases de datos para almacenar y gestionar la información de manera eficiente. Desarrolla y mantiene APIs (interfaces de programación de aplicaciones) para",Lima,Híbrido
Desarrollador Frontend React - Por Proyecto,"En Indra seguimos creciendo y buscamos Desarroladores Frontend React.js para formar parte de nuestro equipo. Si eres un apasionado de la tecnología, tienes experiencia en plataformas de datos y quieres formar parte de una empresa global en constante innovación, ¡este es tu lugar! 🎯 Requisitos técnicos: Profesional universitario o técnico de Ingeniería de Sistemas, Informática o carreras afines. Experiencia de 3 años a más con React Js (indispensable). Experiencia en preprocesadores CSS. Experiencia en integraciones de APIS (AMPLIFY). Experiencia en patrones de arquitectura (Ej, MVC, Flux, etc). Experiencia en microfrontend. Experiencia con Javascript (one-page lifecycle, anonymous functions, scoping, polifylling). Experiencia con UX/UI (deseable) Beneficios: 🚑 EPS 100% 📚 Acceso total a Ude",San Isidro,Híbrido
Desarrollador Full Stack Senior – Ecommerce (Magento),"Buscamos un Desarrollador Full Stack Senior con experiencia en Magento que garantice la operación, evolución y optimización de nuestro ecommerce. Será un socio técnico clave entre el equipo interno y la agencia, responsable de implementar y ajustar soluciones que aseguren un portal ágil, seguro y confiable, fortaleciendo la experiencia de compra y la presencia online de nuestras marcas. Funciones: Monitorear y garantizar el funcionamiento continuo del portal, previniendo caídas a partir del seguimiento de métricas claves de performance. Atender y dar solución directa a problemas reportados por el equipo ecommerce. Priorizar resolución de problemas técnicos y nuevos desarrollos de mejora en función al valor que agreguen al negocio. Implementar modificaciones, personalizaciones y mejoras en ",Magdalena del Mar,Híbrido
Desarrollador Genexus,"SOFTWARE ENTERPRISE SERVICES Somos una empresa peruana de Tecnologías de la Información y Comunicaciones, que cuenta con amplia experiencia en la prestación de servicios informáticos mediante Outsourcing TI y Fábrica de Software, para clientes nacionales e internacionales, asegurando la calidad de servicio con sólidos procesos estandarizados en un sistema integrado de gestión. Nos encontramos en la búsqueda del mejor talento para ocupar la siguiente posición: DESARROLLADOR GENEXUS Requisitos: Universitario Egresado, Titulado, Bachiller o Técnico Egresado, Titulado Carreras de Ingeniería de Sistemas, de Software, Informática, Computación o afines Experiencia de 3 a 5 años mínimo de experiencia Genexus , Bantotal y SQL Herramientas no técnicas: Trabajo en equipo Comunicación Eficaz Benefici",Cercado De Lima,Híbrido
Analista Senior de Automatizaciones e Inteligencia Artificial - Hibrido,"En Cibergestión Perú, empresa de servicios BPO presente en 7 países y con atención a las principales entidades financieras, se encuentra en la búsqueda del mejor talento 💪 para ocupar el puesto de Analista Senior de Automatizaciones e Inteligencia Artificial Misión: Diseñar, desarrollar y mantener soluciones de automatización e inteligencia artificial que mejoren la eficiencia de los procesos internos y productos de software, contribuyendo a la innovación tecnológica de la organización. Algunas funciones: Liderar un pequeño equipo de analistas. Gestionar los procesos de operaciones diarias. Identificar oportunidades de automatización en procesos internos y/o clientes. Colaborar con equipos de desarrollo, QA, producto y negocio.miento del servicio que la empresa disponga. Diseñar y desarrol",San Isidro,Híbrido
ANALISTA PROGRAMADOR VB6,"Somos Real Systems, tenemos 30 años de experiencia en el negocio de software empresarial y consultoría. Hemos implementado exitosamente soluciones en empresas de todos los sectores y giros de negocio. Contamos con un sistema de gestión de calidad basado en ISO 9001. Ofrecemos las soluciones de software para empresas, de acuerdo a la normativa y realidad nacional, con visión global. Nos encontramos en búsqueda de un ANALISTA PROGRAMADOR VB6. MISIÓN DEL PUESTO: Diseñar, codificar y mejorar los modelos de software que satisfagan las necesidades de la empresa y los clientes. REQUISITOS: Técnico Titulado - Bachiller Universitario de Ing. de Sistemas, Ing. Software o afines. DOMINIO LENGUAJES DE PROGRAMACIÓN (3 AÑOS MINIMO) VB6, .NET. EXPERIENCIA EN SOFTWARES CONTABILIDAD, PLANILLAS, ACTIVOS FIJ",San Isidro,Presencial
Desarrollador Backend,"En Experis Perú buscamos al mejor talento para sumarse a los desafíos de la era digital y llevar su carrera a un siguiente nivel. Por ello, te invitamos a que formes parte del reto como Analista de Software de Integración y Soluciones Digitales para una importante empresa del sector. Funciones: Desarrollar, implementar y dar soporte a las aplicaciones o sistemas asignados a su cargo. Contribuir con la labor de soporte de terceros proveedores de sistemas a cargo del área. Contribuir con el equipo de Calidad en la preparación de los scripts y pruebas unitarias de los productos desarrollados antes de su pase a certificación. Coordinar con las áreas correspondientes las pruebas, certificaciones y puesta en producción de los programas y aplicativos a su cargo. Garantizar la integridad y confide",Miraflores,Híbrido
Desarrollador full stack .Net,"Buscamos un(a) Desarrollador(a) Full-Stack con experiencia en tecnologías modernas de desarrollo Front-End y Back-End. La persona ideal será capaz de analizar requerimientos, estimar esfuerzos, desarrollar soluciones escalables y mantener sistemas robustos en arquitecturas de microservicios y APIs Restful. Ubicación:Lima Modalidad: Tiempo completo 🔹 Requisitos: 4 años de experiencia como programador o desarrollador de software. Dominio avanzado de: .Net Nivel intermedio en: Java GitLab Docker Nivel intermedio/avanzado en PostgreSQL. 🔹 Responsabilidades: Diseñar, desarrollar y optimizar aplicaciones de alto rendimiento. Colaborar con equipos multidisciplinarios para la integración de sistemas. Mantener buenas prácticas de programación, control de versiones y documentación. Proponer mejoras ",Lima,Presencial
Desarrollador FrontEnd Senior,"Somos Canvia, formamos parte del portafolio de Advent International y contamos con 34 años de presencia en el mercado local. Nuestro propósito es hacer más fácil la vida de las personas, innovando e implementando proyectos de transformación digital de nuestros clientes de manera ágil y segura. ¡Reinventa el futuro con Canvia! Si sientes pasión por la tecnología y quieres transformar negocios, esta es tu oportunidad para desarrollarte en una empresa inclusiva, diversa, que se desafía constantemente. Nuestro propósito es hacer más fácil la vida de las personas, innovando e implementando proyectos de transformación digital con un metodología ágil y segura. Como Analista Programador ANGULAR tendrás la misión de: Desarrollar la interfaz de usuario en Angular con Microfrontends. Integrar con Azu",Lima,Híbrido
Analista programador,"Nos encontramos en la búsqueda de un: Analista Programador Bachiller en ingenieria de sistemas o afines Experiencia mayor a 4 años como programador Experiencia manejando Java, JavaScript, NestJs Experiencia trabajando en entornos agiles Deseble conocimiento en desarrollo de aplicaciones moviles Beneficios: Desarrollo profesional pertenecer a una empresa solida",Lima,Híbrido
Backend Developer Senior - CULQI,"¡Nos encontramos en búsqueda de un BACKEND DEVELOPER SENIOR para el equipo Culqi! Culqi es una fintech líder que pertenece al grupo Credicorp, que está revolucionando los pagos digitales en Latinoamérica con soluciones tecnológicas innovadoras y seguras. Misión del puesto: El Developer Backend Senior es responsable de desarrollar y optimizar soluciones escalables y seguras en Node.js, aprovechando AWS y arquitecturas orientadas a eventos para garantizar sistemas eficientes y resilientes. Su misión es construir y mantener servicios robustos, gestionar la comunicación asincrónica mediante eventos, implementar buenas prácticas de seguridad y optimización. ¿Qué esperamos de ti? Desarrollo y mantenimiento de las aplicaciones integradas a bases de datos SQL y no SQL, Desarrolar APIs REST eficien",San Isidro,Híbrido
Analista programador,"La Universidad de San Martin de Porres te invita a participar en la selección de un analista programador: Requisitos: Titulado o Bachiller de la carrera profesional de Ingeniería de Computación y Sistemas. Office nivel avanzado. Programas requeridos: Asp .NET PHP Wordpress SQL Server SCRUM y/o otros lenguajes de programación Funciones Específicas: Analizar, diseñar, desarrollar e implementar sistemas de información según las necesidades del Centro. Desarrollar aplicaciones web. Determinar la factibilidad técnica de los requerimientos de los usuarios y las propuestas de implementación de los sistemas de información. Elaborar y actualizar los manuales técnicos y de usuario de los sistemas de información asignados. Registrar en el sistema el avance las labores asignadas por su jefe inmediato.",Jesús María,Presencial
Analista Programador (Java Oracle)- Presencial,"Somos una empresa de Soluciones Digitales y Servicios de TI con 30 años de experiencia en el mercado. Contamos con más de 8 mil colaboradores en Latinoamérica, Estados Unidos y Europa. Te invitamos a ser parte de nuestro equipo ocupando el cargo de: Analista Programador Requisitos: Bachiller o Técnico titulado afines con la informática (Ciencias de la Computación, Sistemas de Información, Ingeniería, entre otros). Experiencia y formación en desarrollo de software, por ejemplo, C#, C++, Java, .NET, Pyton, PL/SQL Conocimiento técnico en herramientas de automatización (ejemplo, Blue Prism y UiPath) Conocimientos básicos de programación en HTML, JavaScript. Deseables: Conocimiento en CLOUD Computing Conocimientos de IA y aprendizaje automático Certificación Ágil, PMP u otros Beneficios: Perten",La Victoria,Presencial
Soporte Jr de Aplicaciones (Linux/PLSQL),"Somos una empresa de Soluciones Digitales y Servicios de TI con 30 años de experiencia en el mercado. Contamos con más de 8 mil colaboradores en Latinoamérica, Estados Unidos y Europa. Te invitamos a ser parte de nuestro equipo ocupando el cargo de: Analista de Soporte de Aplicaciones Requisitos indispensables: Profesionales de Ingeniería de Sistemas, Informática, o carreras afines. Conocimiento en programación PL SQL Oracle, .NET, Java, Shell scripts, unix/ linux MS Office básico Experiencia: Más de 1 año de experiencia en desarrollo e implementación de aplicaciones Atención en helpdesk Sector de telecomunicaciones, banca / empresa de servicios masivos Beneficios: Pertenecer al grupo América Móvil. Sueldo en planilla 100% desde el primer día. EPS corporativa (opcional). Convenios corporat",La Victoria,Presencial
ANALISTA PROGRAMADOR JAVA,"En Valtx, empresa con 24 años de experiencia en el mercado peruano, cuyo objetivo principal es convertirse en un socio estratégico, mediante soluciones tecnológicas en los diversos aspectos de los procesos de negocios; el desarrollo, implementación y mantenimiento de aplicaciones e infraestructura tecnológica para el negocio; y consultoría en diversos procesos de transformación, nos encontramos en la búsqueda de un ANALISTA PROGRAMADOR JAVA Principales funciones o actividades - Diseñar y desarrollar aplicaciones en JAVA. - Ejecutar pruebas de software. - Relevar requerimientos. - Brindar soporte a las pruebas con usuarios. - Realizar documentación. - Brindar soporte al despliegue en entornos productivos y no productivos. - Desarrollo de apis REST ¿Qué requisitos necesito? - Técnico, Egresa",San Borja,Híbrido
Analista Programador Postgre/Oracle/Híbrido,"Por encargo de nuestro cliente, importante empresa líder en finanzas, nos encontramos encuentra en búsqueda de: (1) Analista Programador Postgre/Oracle Requisitos Universitario de Ingeniería de Sistemas, Informática, o afines Experiencia de 3 años en puestos similares como mínimo Experiencia realizando labores de Analista de Sistemas Desarrollador Oracle (PL/SQL) nivel avanzado, store procedures, funciones, packages Desarrollador BD PostgreSQL nivel avanzado Experiencia realizando tuning de Base de Datos Conocimiento en Oracle Data Integrator (ODI) Experiencia en GCP, Cloud Composer, Cloud Storage, Cloud Functions, Data Funciton, Data low Modelamiento de Base de Datos Recomendable que haya realizado labores como Analista Fullstack Funciones: Diseñar, analizar y desarrollar soluciones en la",San Borja,Híbrido
Frontend Developer - Angular,"En Experis Perú buscamos al mejor talento para sumarse a los desafíos de la era digital y llevar su carrera a un siguiente nivel. Por ello, te invitamos a que formes parte del reto como FRONTEND DEVELOPER en el rubro Farmacéutico: FRONTEND DEVELOPER Requisitos para postular al cargo: Profesional de las carreras de Ingeniería de sistemas, informática o afines. Experiencia mayor a 4 años en Angular 13+ Experiencia en Estructura Documento HTML (DOM), Integración de pasarelas de pago. Experiencia en Desarrollo Responsive & Mobile-First. Manejo de Arquitectura Modular / Web Components Funciones principales del puesto: Construir la parte visual y funcional de una aplicación web con la que los usuarios interactúan directamente, utilizando el framework Angular junto con HTML, CSS y TypeScript. Div",Lima,Remoto
Desarrollador Frontend Senior- REMOTO,"Ofrece soluciones de negocios en las líneas de Outsourcing, Licenciamientos SAP y Microsoft, soporte y mejora de aplicaciones, así como implementación y migración de sistemas bajo estrategias Cloud, aprovechando su alianza con marcas como Amazon, Azure, Huawei Cloud y Google Cloud. Nos encontramos en la búsqueda de ""Desarrollador Frontend Web Senior"" Requisitos: Mínimo 5 años de experiencia en Desarrollador front end. Experiencia sólida en React. Conocimiento avanzado de JavaScript, HTML5, CSS3 y frameworks asociados. Sólidos conocimientos de HTML5 y CSS3 así como tecnologías afines. Conocimientos de uso y consumo de API REST. Familiaridad con Git y sus plataformas (Gitlab, Github, etc.). Experiencia en Figma. Experiencia en Pruebas, y testing (Jest) Disponibilidad inmediata. Condiciones: ",Lima,Presencial
Desarrollador Backend Java,"Actualmente nos encontramos en búsqueda de 03 Desarrolladores Backend Java para que se integren a nuestro equipo. Requisitos Profesional en Ingeniería de Sistemas, Computación, Informática o carreras afines. Experiencia mínima de 3 años en desarrollo con entorno Java Experiencia desarrollo de aplicaciones backend con Java 8, 11 o 17. Conocimientos sólidos en Spring Boot y otros frameworks del ecosistema Spring. Experiencia en diseño y desarrollo de microservicios aplicando principios de arquitectura limpia. Dominio de programación funcional y reactiva (WebFlux, RxJava). Conocimiento en pruebas unitarias con JUnit y Mockito, así como en metodologías BDD. Familiaridad con prácticas de desarrollo seguro (OWASP, OAuth2). Experiencia en bases de datos relacionales (SQL Server, Azure SQL) y no r",La Molina,Híbrido
Desarrollador Fullstack SemiSenior(Java/Angular),"CSTI Corp es una empresa peruana líder en la industria TI con más de 17 años en el mercado en países como Perú, Ecuador, Colombia, Costa Rica y Estados Unidos. Ofrecemos soluciones de negocios en las líneas de Outsourcing, Licenciamientos SAP y Microsoft, soporte y mejora de aplicaciones, así como implementación y migración de sistemas bajo estrategias Cloud, aprovechando su alianza con marcas como Amazon, Azure, Huawei Cloud y Google Cloud. Nos encontramos en la búsqueda de un ""Fullstack Semi Senior”, para nuestra línea de negocio. 📌Requisitos: Experiencia mínima de 3 años en desarrollo de aplicaciones, plataformas o servicios en la capa frontend como en la capa backend. Experiencia en desarrollo de parte de Frontend con Angular. Experiencia en desarrollo de parte de Backend con Java y Sp",Lima,Presencial
Analista Programador Full Stack,"En UTEC - Universidad de Ingeniería y Tecnología nos encontramos en búsqueda de un Analista Programador Full Stack ¿Cuáles serán tus retos? Trabajar en conjunto con equipos multidisciplinarios para garantizar la coherencia tecnológica y funcional de los proyectos. Análisis y diseño de soluciones Mantenimiento a aplicaciones inhouse Creación y mantenimiento de modelo de datos Pruebas unitarias y funcionales ¿Qué buscamos? Experiencia en desarrollo con Java (Spring Boot), React y/o Angular. Conocimiento en Arquitecturas de integración. Experiencia en interacción con algún CRM y/o ERP (implementación, integración, soporte o personalización). Manejo de bases de datos relacionales (Oracle, MySQL, PostgreSQL, etc.). Conocimientos en metodologías ágiles (Scrum, Kanban). Experiencia trabajando baj",Barranco,Remoto
Desarrollador .Net / PHP,"More digital. More human. More Minsait. En Minsait, una compañía de Indra, somos líderes globales en tecnología y consultoría digital. Conectamos personas, tecnología y negocios para impulsar el crecimiento, la transformación y un impacto positivo y sostenible. ¡Únete como Desarrollador .NET/PHP! Buscamos profesionales apasionados por la tecnología, con ganas de formar parte de nuestros equipos multidisciplinares y contribuir a proyectos de alto impacto. ¿Qué buscamos? Profesional de Ingeniería de Sistemas, Informática o carreras afines. Mínimo 4 años de experiencia desarrollando con .NET y PHP. Conocimientos sólidos en:C# .NET ASP 3 JavaScript, VB 6.0 SQL Server GIT (control de versiones) PHP Nativo 5.6 MySQL Valoramos adicionalmente: Experiencia en migraciones de PHP 5.6 a 8.4 Manejo de ",Lima,Remoto
Desarrollador Python Odoo,"🚀 Desarrollador Python Odoo Modalidad: Presencial Horario: Lunes a Viernes (9:00 am – 6:00 pm) 🎓 Requisitos académicos Bachiller o título universitario en Ingeniería de Software, Ciencias de la Computación, Sistemas o afines. Deseable: certificaciones en Odoo, Python o Cloud. 💻 Conocimientos indispensables Python avanzado para Odoo (ORM, herencia de modelos, decoradores, contextos). Framework Odoo (módulos, vistas XML, QWeb, seguridad). PostgreSQL (optimización y gestión). APIs REST/XML-RPC, integraciones externas. Git y metodologías ágiles (Scrum/Kanban). Frontend básico: XML y JavaScript para personalización de vistas. ⭐ Conocimientos deseables Librerías de Data Science (Pandas, NumPy). Frameworks backend: FastAPI, Flask. Bases de datos NoSQL (MongoDB). CI/CD y DevOps (Docker, Kubernetes",Lima,Presencial
Desarrollador FullSatck - Enfoque en Frontend,"En FRACTAL, consultora TI peruana con más de 10 años de experiencia en el mercado nacional e internacional, nos encontramos en búsqueda de un(a) Desarrollador Fullstack con experiencia en CMS para colaborar en modalidad híbrida en un proyecto con uno de nuestros clientes nacionales. Requisitos Frontend: Formación universitaria culminada en Ingeniería de Sistemas, Software, Computación e Informática o carreras afines. 2 a 3 años de experiencia en el puesto y desarrollando con JavaScript y TypeScript. Experiencia en desarrollo de interfaces con React Manejo de estado y asincronía (Zustand, React Query, Axios) Creación de UI responsiva y accesible (Tailwind, Radix) Validación de datos y formulatrio /React Hook Form, Zod) Visualización de datos (gráficos, fechas, Excel) Optimización y buenas p",Lima,Híbrido
Practicante de Digitalización,"¡Hola a todos! En REPSOL, estamos buscando entusiastas e innovadores Practicantes de Digitalización para unirse a nuestro equipo. ¡Únete a nosotros y ayuda a dar forma al futuro de la energía! REQUISITOS Estudiante de últimos ciclos de las carreras de Ing. Sistemas, Ing. Industrial o afines Manejo de herramientas de automatización y/o programación Power BI a nivel intermedio. Paquete de office a nivel intermedio. Idioma de ingles a nivel intermedio. FUNCIONES Apoyo en el levantamiento de procesos y elaboración de flujogramas de la operación. Identificación de oportunidades de eficiencia y automatización, así como la optimización de proyectos en ejecución. Participación en la elaboración de aplicativos que permitan la digitalización y diminuyan la manualidad del negocio Apoyo en la actualiz",San Isidro,Presencial
ANALISTA PROGRAMADOR Java - Microservicios,"Somos Canvia ¡Una empresa que innova y reinventa! ¡Buscamos a un Programador Java con ADN de innovación! Top de razones para trabajar con nosotros: CANVIA es una de las empresas más grandes del sector IT en el Perú y nuestro propósito es hacer más fácil la vida de las personas, innovando e implementando proyectos de transformación digital en múltiples industrias. Nos mueve la reinvención, hacer las cosas diferentes a través de buenas ideas, cuestionar el statu quo. Años de experiencia desarrollando y ejecutando soluciones con un equipo humano valioso y que suma diferentes capacidades, nuevos modelos de negocios a través del uso de tecnologías digitales y sistemas de gestión del cambio soportados en una cultura Lean-Agile. ¿Qué retos tendrás como Programador? Desarrollo de sistemas y/o soft",Cercado De Lima,Híbrido
Programador,"¿Cuáles serán mis desafíos? Planificar y programar las operaciones de transporte y abastecimiento de productos a nivel nacional. Coordinar la disponibilidad operativa de las unidades en función de la demanda de los clientes y la capacidad de atención. Asegurar la continuidad del suministro de productos en distintas regiones del país, priorizando las zonas críticas para garantizar la cobertura oportuna. Gestionar la programación bajo criterios de seguridad y eficiencia, manteniendo una comunicación fluida entre las áreas involucradas en la operación. Velar por el cumplimiento de los estándares de servicio y la optimización de recursos en las operaciones logísticas. ¿Qué es lo que se requiere de mí? Estudios Universitarios y/o Técnicos de Ingeniería Industrial, Cadena de Suministro, Transpor",Lima,Presencial
Analista Programador FRONTEND - Angular,"Somos Canvia, formamos parte del portafolio de Advent International y contamos con 34 años de presencia en el mercado local. Nuestro propósito es hacer más fácil la vida de las personas, innovando e implementando proyectos de transformación digital de nuestros clientes de manera ágil y segura. ¡Reinventa el futuro con Canvia! Si sientes pasión por la tecnología y quieres transformar negocios, esta es tu oportunidad para desarrollarte en una empresa inclusiva, diversa, que se desafía constantemente. Nuestro propósito es hacer más fácil la vida de las personas, innovando e implementando proyectos de transformación digital con un metodología ágil y segura. Como Analista Programador ANGULAR tendrás la misión de: Desarrollar la interfaz de usuario en Angular con Microfrontends. Integrar con Azu",Lima,Híbrido
Practicante Profesional: Programación PLSQL,"¿Estás buscando iniciar tu carrera como Practicante Profesional Desarrollador PL/SQL en un proyecto retador y con gran proyección de crecimiento? ¡Esta es tu oportunidad! 🙌 Requisitos clave: Recien egresados de Sistemas, computación o afines. Conocimientos en PL/SQL y Oracle. Experiencia previa en proyectos académicos o prácticas relacionadas. Conocimientos básicos en Java (Spring) [deseable]. Conocimientos básicos en AngularJS [deseable]. Interés en aprender y aportar en procesos de migración tecnológica. Actitud proactiva, orientación a resultados y capacidad para trabajar en equipo. ✨ Beneficios: Home office ergonómico. Plan de desarrollo profesional. Subvención económica inicial S/1400 Incrementos salariales según desempeño Seguro FOLA Línea de carrera Capacitación constante 📍 Modalida",San Isidro,Remoto
Tech Lead / Líder Técnico Frontend (React + NextJS),"ZUTUN. es una empresa de software boutique con amplia experiencia en banca, seguros, fintech y retail. Nuestro colectivo funciona como un verdadero equipo, valorando la colaboración, la sinergia y el apoyo mutuo entre nuestros miembros, reconociendo que el talento es el núcleo y el equipo es quien juega el partido. Te invitamos a participar de proceso TECH LEAD / LIDER TÉCNICO FRONTEND (REACT + NEXTJS) y ser parte de esta experiencia: RESPONSABILIDADES: Liderar el diseño e implementación de arquitecturas web y/o móviles. Coordinar tareas de desarrollo frontend en su mayoría. Desarrollar e integrar APIs, servicios externos y sistemas de terceros. Supervisar buenas prácticas de testing automatizado y control de versiones. Gestionar la infraestructura, rendimiento y disponibilidad de los sist",Lima,Híbrido
Practicante Profesional Desarrollador PL/SQL,"¿Estás buscando iniciar tu carrera como Practicante Profesional Desarrollador PL/SQL en un proyecto retador y con gran proyección de crecimiento? ¡Esta es tu oportunidad! 🙌 Requisitos clave: Egresados de Ing. de Sistemas o afines. Conocimientos en PL/SQL y Oracle. Experiencia previa en proyectos académicos o prácticas relacionadas. Conocimientos básicos en Java (Spring) [deseable]. Conocimientos básicos en AngularJS [deseable]. Interés en aprender y aportar en procesos de migración tecnológica. Actitud proactiva, orientación a resultados y capacidad para trabajar en equipo. ✨ Beneficios: Home office ergonómico. Plan de desarrollo profesional. 📍 Modalidad: Remoto total. 🕐 Horario: L-V 9:00 a.m. – 6:30 p.m. 🔗 ¿Te interesa? Envía tu CV a esta publicación.",Lima,Remoto
Analista Programador Visual Basic .Net,Analista Programador Visual Basic .Net Resumen del Puesto Estamos buscando un Analista Programador Visual Basic .Net con experiencia en desarrollo y mantenimiento de aplicaciones en Visual Basic .Net. El candidato ideal tendrá la oportunidad de participar en proyectos desafiantes dentro de un entorno dinámico. Responsabilidades Desarrollo y mantenimiento de aplicaciones en Visual Basic .Net. Participación en el diseño y la implementación de soluciones de software. Colaboración con otros miembros del equipo para garantizar la calidad del código. Optimización de código y resolución de incidencias. Requisitos Experiencia en desarrollo y mantenimiento de aplicaciones en Visual Basic .Net. Manejo de C#. Experiencia en Stored Procedures en SQL. Experiencia en procesos de ETL utilizando SQL Serve,Barranco,Presencial
Desarrollador Java Mobile,"Fundado en París en 1895 y con más de 100 años de experiencia en la enseñanza de las artes culinarias y hospitalidad, en la actualidad Le Cordon Bleu tiene 40 escuelas en más de 20 países, con un promedio de 30 millones de alumnos en todo el mundo con más de 70 de nacionalidades lo que hace de Le Cordon Bleu tu pasaporte al mundo. En Perú La Red Educativa Le Cordon Bleu está conformado por 2 unidades de negocio principales, la Universidad Le Cordon Bleu con 4 carreras orientadas a la gestión, técnicas alimentarias y el turismo. El Instituto Le Cordon Bleu con 5 carreras profesionales enfocadas en servicio de la gastronomía, hotelería y bar. Le Cordon Bleu Perú los invita a ser parte de este mundo de experiencias y creatividad. Le Cordon Bleu, la Red Educativa líder en formar profesionales ",Lima,Presencial
Desarrollador Full Stack,"¡Hola talentos! Somos un holding empresarial destacado en el sector salud en Perú, ofrecemos servicios médicos de excelencia con soluciones innovadoras y tecnología avanzada. Con una amplia red de centros médicos y una sólida presencia en el mercado, nos destacamos por nuestra inclusión y mejora continua. ¡Forma parte de nuestro gran equipo y transforma el cuidado de la salud en el país como Desarrollador Full Stack! Requisitos: Egresados de la carrera de Ing. De Sistemas, Informática y/o afines. Experiencia en lenguajes de programación Python, Angular ( 1 0 o superior), Java, Conocimiento de Ajax, JSON y el modelo API REST (Deseable) Conocimiento de Operaciones Cloud: AWS (Deseable) Conocimientos en modelamiento y administración de base de datos (MySql, Mariadb, Postgres): Implementación ",Miraflores,Presencial
Programador de Inteligencia Artificial,"Analista de Desarrollo de Inteligencia Artificial Resumen Estamos buscando un Analista de Desarrollo de Inteligencia Artificial para unirse a nuestro equipo. El objetivo principal de la posición es el desarrollo de soluciones basadas en Inteligencia Artificial, el diseño y la ejecución de automatizaciones e integraciones mediante el consumo de APIs REST, Webhooks y estructuras JSON. Además, se espera la construcción de herramientas internas que permitan escalar procesos y optimizar la eficiencia operativa. Modalidad Remota. Responsabilidades Desarrollar soluciones basadas en Inteligencia Artificial Diseñar y ejecutar automatizaciones e integraciones mediante el consumo de APIs REST, Webhooks y estructuras JSON Construir herramientas internas para escalar procesos y mejorar la eficiencia op",Lima,Presencial
Desarrollador de Sistemas,"En Intelitech Perú, buscamos profesionales apasionados por la tecnología, con experiencia en desarrollo de software y ganas de trabajar en proyectos desafiantes. ✅ Requisitos principales: 📌 Experiencia de 3 a 5 añosen: Desarrollo de aplicaciones o Programación de software o Soluciones de software o Implementación de proyectos TI. 📌 Formación: Bachiller o Título Técnico en: Ingeniería de Sistemas y/o Software y/o Computación e Informática. 📌 Capacitación: En alguno de los siguientes cursos (no indispensable): -Metodologías Ágiles y/o Scrum -Java -Spring Framework -Angular 📍 Modalidad: Híbrida 💼 Forma parte de una empresa experta en TI y lleva tu carrera al siguiente nivel.",Lima,Presencial
Desarrollador Full Stack,"Desarrollador Full Stack Resumen Buscamos un Desarrollador Full Stack con experiencia en el desarrollo de aplicaciones web. El candidato ideal tendrá un sólido conocimiento de lenguajes de programación como PHP, Python, JavaScript, Java, y experiencia con frameworks como Laravel y Además, deberá tener experiencia en el diseño y desarrollo de APIs RESTful y en el manejo de bases de datos como MySQL o PostgreSQL. Responsabilidades Desarrollar y mantener aplicaciones web utilizando las tecnologías mencionadas. Diseñar e implementar APIs RESTful para la comunicación entre el frontend y el backend. Trabajar en estrecha colaboración con otros desarrolladores y equipos para entregar productos de alta calidad. Participar en el diseño de la arquitectura de las aplicaciones. Realizar pruebas unitari",Antioquia,Presencial
Analista programador Fullstack,"Requisitos - Conocimientos en desarrollo de soluciones con , / Angular - Conocimientos en diseño, consultas y programación en bases de datos (MySQL, PostgreSQL). - Conocimientos en desarrollo en Python - Experiencia en documentación funcional / técnica de sistemas. - Mantenimiento de versiones del software - Asegurar que el código sea en adecuado por medio de las pruebas unitarias. - Participar activamente con los usuarios y pares en la solución de iniciativas.",San Isidro,Presencial
